timestamp,device_id,device_type,usage_kwh,voltage,status,anomaly_flag,hour,ai_anomaly_flag
2025-03-20 08:51:45.725220,DEV-1,HVAC,83.48,228.61,ON,0,8,0
2025-03-20 08:51:45.725220,DEV-2,Pump,8.6,238.41,ON,0,8,0
2025-03-20 08:51:45.725220,DEV-3,Lighting,61.11,236.37,ON,0,8,0
2025-03-20 08:51:45.725220,DEV-4,Compressor,58.63,223.18,ON,0,8,0
2025-03-20 08:51:45.725220,DEV-5,Server Rack,96.33,221.57,ON,0,8,0
2025-03-20 09:51:45.725220,DEV-1,HVAC,25.08,223.31,ON,0,9,0
2025-03-20 09:51:45.725220,DEV-2,Pump,85.11,234.08,ON,0,9,0
2025-03-20 09:51:45.725220,DEV-3,Lighting,30.45,227.38,ON,0,9,0
2025-03-20 09:51:45.725220,DEV-4,Compressor,72.25,226.79,ON,0,9,0
2025-03-20 09:51:45.725220,DEV-5,Server Rack,87.44,230.64,ON,0,9,0
2025-03-20 10:51:45.725220,DEV-1,HVAC,97.51,234.25,OFF,1,10,0
2025-03-20 10:51:45.725220,DEV-2,Pump,29.13,223.15,OFF,0,10,0
2025-03-20 10:51:45.725220,DEV-3,Lighting,38.43,224.09,ON,0,10,0
2025-03-20 10:51:45.725220,DEV-4,Compressor,17.03,231.89,ON,0,10,0
2025-03-20 10:51:45.725220,DEV-5,Server Rack,7.15,236.39,OFF,0,10,0
2025-03-20 11:51:45.725220,DEV-1,HVAC,56.62,220.54,ON,0,11,0
2025-03-20 11:51:45.725220,DEV-2,Pump,30.41,224.37,ON,0,11,0
2025-03-20 11:51:45.725220,DEV-3,Lighting,58.07,220.3,ON,0,11,0
2025-03-20 11:51:45.725220,DEV-4,Compressor,32.43,222.55,ON,0,11,0
2025-03-20 11:51:45.725220,DEV-5,Server Rack,46.09,226.95,ON,0,11,0
2025-03-20 12:51:45.725220,DEV-1,HVAC,27.78,229.97,ON,0,12,0
2025-03-20 12:51:45.725220,DEV-2,Pump,85.16,226.01,ON,0,12,0
2025-03-20 12:51:45.725220,DEV-3,Lighting,96.22,221.06,ON,0,12,0
2025-03-20 12:51:45.725220,DEV-4,Compressor,40.14,239.59,ON,0,12,0
2025-03-20 12:51:45.725220,DEV-5,Server Rack,68.57,221.35,ON,0,12,0
2025-03-20 13:51:45.725220,DEV-1,HVAC,41.74,229.94,ON,0,13,0
2025-03-20 13:51:45.725220,DEV-2,Pump,83.5,238.26,ON,0,13,0
2025-03-20 13:51:45.725220,DEV-3,Lighting,58.18,229.86,ON,0,13,0
2025-03-20 13:51:45.725220,DEV-4,Compressor,12.5,227.06,ON,0,13,0
2025-03-20 13:51:45.725220,DEV-5,Server Rack,60.26,229.3,ON,0,13,0
2025-03-20 14:51:45.725220,DEV-1,HVAC,6.81,234.66,ON,0,14,0
2025-03-20 14:51:45.725220,DEV-2,Pump,30.32,236.25,ON,0,14,0
2025-03-20 14:51:45.725220,DEV-3,Lighting,28.12,230.47,ON,0,14,0
2025-03-20 14:51:45.725220,DEV-4,Compressor,35.06,224.51,ON,0,14,0
2025-03-20 14:51:45.725220,DEV-5,Server Rack,41.75,230.59,ON,0,14,0
2025-03-20 15:51:45.725220,DEV-1,HVAC,55.61,223.76,ON,0,15,0
2025-03-20 15:51:45.725220,DEV-2,Pump,97.69,229.69,ON,0,15,0
2025-03-20 15:51:45.725220,DEV-3,Lighting,93.24,221.54,ON,0,15,0
2025-03-20 15:51:45.725220,DEV-4,Compressor,71.35,224.08,ON,0,15,0
2025-03-20 15:51:45.725220,DEV-5,Server Rack,28.38,239.87,ON,0,15,0
2025-03-20 16:51:45.725220,DEV-1,HVAC,65.2,232.73,ON,0,16,0
2025-03-20 16:51:45.725220,DEV-2,Pump,86.52,235.28,OFF,0,16,0
2025-03-20 16:51:45.725220,DEV-3,Lighting,6.31,230.33,ON,0,16,0
2025-03-20 16:51:45.725220,DEV-4,Compressor,14.96,236.08,ON,0,16,0
2025-03-20 16:51:45.725220,DEV-5,Server Rack,7.4,236.06,ON,0,16,0
2025-03-20 17:51:45.725220,DEV-1,HVAC,13.71,229.07,ON,0,17,0
2025-03-20 17:51:45.725220,DEV-2,Pump,85.55,229.75,ON,0,17,0
2025-03-20 17:51:45.725220,DEV-3,Lighting,7.82,225.14,ON,0,17,0
2025-03-20 17:51:45.725220,DEV-4,Compressor,58.43,234.94,ON,0,17,0
2025-03-20 17:51:45.725220,DEV-5,Server Rack,88.03,238.04,ON,0,17,0
2025-03-20 18:51:45.725220,DEV-1,HVAC,54.35,229.28,ON,0,18,0
2025-03-20 18:51:45.725220,DEV-2,Pump,7.99,227.16,ON,0,18,0
2025-03-20 18:51:45.725220,DEV-3,Lighting,61.44,231.41,ON,0,18,0
2025-03-20 18:51:45.725220,DEV-4,Compressor,15.67,233.65,ON,0,18,0
2025-03-20 18:51:45.725220,DEV-5,Server Rack,73.6,239.96,ON,0,18,0
2025-03-20 19:51:45.725220,DEV-1,HVAC,71.3,232.77,ON,0,19,0
2025-03-20 19:51:45.725220,DEV-2,Pump,92.75,239.68,OFF,1,19,0
2025-03-20 19:51:45.725220,DEV-3,Lighting,86.33,220.66,OFF,0,19,0
2025-03-20 19:51:45.725220,DEV-4,Compressor,61.24,230.76,ON,0,19,0
2025-03-20 19:51:45.725220,DEV-5,Server Rack,40.68,239.1,OFF,0,19,0
2025-03-20 20:51:45.725220,DEV-1,HVAC,86.35,226.23,OFF,0,20,0
2025-03-20 20:51:45.725220,DEV-2,Pump,33.13,234.71,ON,0,20,0
2025-03-20 20:51:45.725220,DEV-3,Lighting,47.07,232.51,ON,0,20,0
2025-03-20 20:51:45.725220,DEV-4,Compressor,17.52,223.47,ON,0,20,0
2025-03-20 20:51:45.725220,DEV-5,Server Rack,66.76,233.37,ON,0,20,0
2025-03-20 21:51:45.725220,DEV-1,HVAC,83.59,225.79,ON,0,21,0
2025-03-20 21:51:45.725220,DEV-2,Pump,14.24,223.71,ON,0,21,0
2025-03-20 21:51:45.725220,DEV-3,Lighting,80.86,234.18,ON,0,21,0
2025-03-20 21:51:45.725220,DEV-4,Compressor,31.39,222.28,ON,0,21,0
2025-03-20 21:51:45.725220,DEV-5,Server Rack,82.13,226.74,ON,0,21,0
2025-03-20 22:51:45.725220,DEV-1,HVAC,62.09,225.9,ON,0,22,0
2025-03-20 22:51:45.725220,DEV-2,Pump,40.96,228.69,OFF,0,22,0
2025-03-20 22:51:45.725220,DEV-3,Lighting,12.47,226.01,ON,0,22,0
2025-03-20 22:51:45.725220,DEV-4,Compressor,99.21,226.5,ON,0,22,1
2025-03-20 22:51:45.725220,DEV-5,Server Rack,83.3,235.64,ON,0,22,0
2025-03-20 23:51:45.725220,DEV-1,HVAC,47.86,239.07,ON,0,23,0
2025-03-20 23:51:45.725220,DEV-2,Pump,37.7,235.7,ON,0,23,0
2025-03-20 23:51:45.725220,DEV-3,Lighting,48.46,222.64,ON,0,23,0
2025-03-20 23:51:45.725220,DEV-4,Compressor,94.46,225.87,ON,0,23,0
2025-03-20 23:51:45.725220,DEV-5,Server Rack,26.21,230.81,ON,0,23,0
2025-03-21 00:51:45.725220,DEV-1,HVAC,62.41,220.92,OFF,0,0,1
2025-03-21 00:51:45.725220,DEV-2,Pump,73.96,224.37,ON,0,0,0
2025-03-21 00:51:45.725220,DEV-3,Lighting,25.87,227.75,OFF,0,0,0
2025-03-21 00:51:45.725220,DEV-4,Compressor,70.21,232.09,ON,0,0,0
2025-03-21 00:51:45.725220,DEV-5,Server Rack,79.08,227.43,OFF,0,0,0
2025-03-21 01:51:45.725220,DEV-1,HVAC,33.69,223.7,ON,0,1,0
2025-03-21 01:51:45.725220,DEV-2,Pump,34.22,239.26,ON,0,1,0
2025-03-21 01:51:45.725220,DEV-3,Lighting,95.19,239.52,ON,0,1,1
2025-03-21 01:51:45.725220,DEV-4,Compressor,77.26,223.55,ON,0,1,0
2025-03-21 01:51:45.725220,DEV-5,Server Rack,44.09,228.17,ON,0,1,0
2025-03-21 02:51:45.725220,DEV-1,HVAC,87.99,238.6,ON,0,2,0
2025-03-21 02:51:45.725220,DEV-2,Pump,33.6,222.43,ON,0,2,0
2025-03-21 02:51:45.725220,DEV-3,Lighting,68.23,223.83,ON,0,2,0
2025-03-21 02:51:45.725220,DEV-4,Compressor,70.82,220.83,ON,0,2,0
2025-03-21 02:51:45.725220,DEV-5,Server Rack,49.23,231.43,ON,0,2,0
2025-03-21 03:51:45.725220,DEV-1,HVAC,44.13,238.69,ON,0,3,0
2025-03-21 03:51:45.725220,DEV-2,Pump,72.92,229.03,ON,0,3,0
2025-03-21 03:51:45.725220,DEV-3,Lighting,24.8,224.6,ON,0,3,0
2025-03-21 03:51:45.725220,DEV-4,Compressor,79.55,237.92,ON,0,3,0
2025-03-21 03:51:45.725220,DEV-5,Server Rack,97.07,220.15,ON,0,3,1
2025-03-21 04:51:45.725220,DEV-1,HVAC,36.79,237.47,ON,0,4,0
2025-03-21 04:51:45.725220,DEV-2,Pump,95.61,221.84,ON,0,4,0
2025-03-21 04:51:45.725220,DEV-3,Lighting,72.57,223.7,ON,0,4,0
2025-03-21 04:51:45.725220,DEV-4,Compressor,52.74,229.54,ON,0,4,0
2025-03-21 04:51:45.725220,DEV-5,Server Rack,84.09,229.76,ON,0,4,0
2025-03-21 05:51:45.725220,DEV-1,HVAC,61.2,222.45,ON,0,5,0
2025-03-21 05:51:45.725220,DEV-2,Pump,35.64,235.17,ON,0,5,0
2025-03-21 05:51:45.725220,DEV-3,Lighting,52.71,233.25,ON,0,5,0
2025-03-21 05:51:45.725220,DEV-4,Compressor,53.78,224.75,ON,0,5,0
2025-03-21 05:51:45.725220,DEV-5,Server Rack,23.41,237.27,ON,0,5,0
2025-03-21 06:51:45.725220,DEV-1,HVAC,37.28,236.66,OFF,0,6,0
2025-03-21 06:51:45.725220,DEV-2,Pump,28.14,226.53,ON,0,6,0
2025-03-21 06:51:45.725220,DEV-3,Lighting,87.46,228.81,ON,0,6,0
2025-03-21 06:51:45.725220,DEV-4,Compressor,91.31,238.27,ON,0,6,0
2025-03-21 06:51:45.725220,DEV-5,Server Rack,65.29,236.1,ON,0,6,0
2025-03-21 07:51:45.725220,DEV-1,HVAC,8.91,232.82,ON,0,7,0
2025-03-21 07:51:45.725220,DEV-2,Pump,10.97,230.4,OFF,0,7,0
2025-03-21 07:51:45.725220,DEV-3,Lighting,21.72,237.84,ON,0,7,0
2025-03-21 07:51:45.725220,DEV-4,Compressor,89.93,230.63,ON,0,7,0
2025-03-21 07:51:45.725220,DEV-5,Server Rack,40.56,237.38,ON,0,7,0
2025-03-21 08:51:45.725220,DEV-1,HVAC,93.24,232.68,ON,0,8,0
2025-03-21 08:51:45.725220,DEV-2,Pump,31.43,225.51,ON,0,8,0
2025-03-21 08:51:45.725220,DEV-3,Lighting,12.4,232.69,OFF,0,8,0
2025-03-21 08:51:45.725220,DEV-4,Compressor,12.46,230.84,ON,0,8,0
2025-03-21 08:51:45.725220,DEV-5,Server Rack,70.36,238.9,ON,0,8,0
2025-03-21 09:51:45.725220,DEV-1,HVAC,90.15,220.32,ON,0,9,0
2025-03-21 09:51:45.725220,DEV-2,Pump,87.74,221.88,ON,0,9,0
2025-03-21 09:51:45.725220,DEV-3,Lighting,54.22,226.22,ON,0,9,0
2025-03-21 09:51:45.725220,DEV-4,Compressor,22.2,230.83,ON,0,9,0
2025-03-21 09:51:45.725220,DEV-5,Server Rack,71.04,228.82,OFF,0,9,0
2025-03-21 10:51:45.725220,DEV-1,HVAC,54.51,226.67,ON,0,10,0
2025-03-21 10:51:45.725220,DEV-2,Pump,35.89,229.84,ON,0,10,0
2025-03-21 10:51:45.725220,DEV-3,Lighting,76.99,235.76,ON,0,10,0
2025-03-21 10:51:45.725220,DEV-4,Compressor,91.94,231.43,ON,0,10,0
2025-03-21 10:51:45.725220,DEV-5,Server Rack,18.44,227.56,ON,0,10,0
2025-03-21 11:51:45.725220,DEV-1,HVAC,84.3,224.8,ON,0,11,0
2025-03-21 11:51:45.725220,DEV-2,Pump,74.16,235.75,OFF,0,11,0
2025-03-21 11:51:45.725220,DEV-3,Lighting,15.79,230.57,ON,0,11,0
2025-03-21 11:51:45.725220,DEV-4,Compressor,72.04,239.36,ON,0,11,0
2025-03-21 11:51:45.725220,DEV-5,Server Rack,77.59,236.96,ON,0,11,0
2025-03-21 12:51:45.725220,DEV-1,HVAC,69.09,232.75,ON,0,12,0
2025-03-21 12:51:45.725220,DEV-2,Pump,73.88,222.35,ON,0,12,0
2025-03-21 12:51:45.725220,DEV-3,Lighting,21.03,236.91,ON,0,12,0
2025-03-21 12:51:45.725220,DEV-4,Compressor,49.62,235.2,ON,0,12,0
2025-03-21 12:51:45.725220,DEV-5,Server Rack,84.75,232.76,OFF,0,12,0
2025-03-21 13:51:45.725220,DEV-1,HVAC,76.12,233.31,ON,0,13,0
2025-03-21 13:51:45.725220,DEV-2,Pump,97.58,223.67,ON,0,13,0
2025-03-21 13:51:45.725220,DEV-3,Lighting,62.13,231.8,ON,0,13,0
2025-03-21 13:51:45.725220,DEV-4,Compressor,78.79,227.89,ON,0,13,0
2025-03-21 13:51:45.725220,DEV-5,Server Rack,86.17,220.54,ON,0,13,0
2025-03-21 14:51:45.725220,DEV-1,HVAC,12.2,237.09,ON,0,14,0
2025-03-21 14:51:45.725220,DEV-2,Pump,8.88,230.7,ON,0,14,0
2025-03-21 14:51:45.725220,DEV-3,Lighting,43.19,233.04,ON,0,14,0
2025-03-21 14:51:45.725220,DEV-4,Compressor,82.54,223.54,OFF,0,14,0
2025-03-21 14:51:45.725220,DEV-5,Server Rack,66.46,226.83,ON,0,14,0
2025-03-21 15:51:45.725220,DEV-1,HVAC,58.87,235.98,ON,0,15,0
2025-03-21 15:51:45.725220,DEV-2,Pump,71.27,237.0,ON,0,15,0
2025-03-21 15:51:45.725220,DEV-3,Lighting,92.74,222.51,ON,0,15,0
2025-03-21 15:51:45.725220,DEV-4,Compressor,13.07,232.5,ON,0,15,0
2025-03-21 15:51:45.725220,DEV-5,Server Rack,18.8,228.28,ON,0,15,0
2025-03-21 16:51:45.725220,DEV-1,HVAC,18.79,225.04,ON,0,16,0
2025-03-21 16:51:45.725220,DEV-2,Pump,98.28,234.13,ON,0,16,0
2025-03-21 16:51:45.725220,DEV-3,Lighting,34.85,221.4,ON,0,16,0
2025-03-21 16:51:45.725220,DEV-4,Compressor,40.51,236.37,ON,0,16,0
2025-03-21 16:51:45.725220,DEV-5,Server Rack,24.41,227.38,ON,0,16,0
2025-03-21 17:51:45.725220,DEV-1,HVAC,8.67,236.27,ON,0,17,0
2025-03-21 17:51:45.725220,DEV-2,Pump,62.18,232.41,ON,0,17,0
2025-03-21 17:51:45.725220,DEV-3,Lighting,44.84,233.92,ON,0,17,0
2025-03-21 17:51:45.725220,DEV-4,Compressor,78.26,233.33,OFF,0,17,0
2025-03-21 17:51:45.725220,DEV-5,Server Rack,12.08,238.58,ON,0,17,0
2025-03-21 18:51:45.725220,DEV-1,HVAC,78.23,239.15,ON,0,18,0
2025-03-21 18:51:45.725220,DEV-2,Pump,75.13,235.74,ON,0,18,0
2025-03-21 18:51:45.725220,DEV-3,Lighting,6.12,237.8,ON,0,18,0
2025-03-21 18:51:45.725220,DEV-4,Compressor,9.56,233.26,ON,0,18,0
2025-03-21 18:51:45.725220,DEV-5,Server Rack,53.69,220.41,ON,0,18,0
2025-03-21 19:51:45.725220,DEV-1,HVAC,68.76,223.23,ON,0,19,0
2025-03-21 19:51:45.725220,DEV-2,Pump,27.24,232.84,ON,0,19,0
2025-03-21 19:51:45.725220,DEV-3,Lighting,79.36,230.51,ON,0,19,0
2025-03-21 19:51:45.725220,DEV-4,Compressor,12.1,232.82,ON,0,19,0
2025-03-21 19:51:45.725220,DEV-5,Server Rack,92.6,230.87,ON,0,19,0
2025-03-21 20:51:45.725220,DEV-1,HVAC,67.83,222.84,ON,0,20,0
2025-03-21 20:51:45.725220,DEV-2,Pump,28.74,223.82,ON,0,20,0
2025-03-21 20:51:45.725220,DEV-3,Lighting,79.74,230.82,ON,0,20,0
2025-03-21 20:51:45.725220,DEV-4,Compressor,82.99,228.61,ON,0,20,0
2025-03-21 20:51:45.725220,DEV-5,Server Rack,6.98,235.65,ON,0,20,0
2025-03-21 21:51:45.725220,DEV-1,HVAC,30.08,238.73,ON,0,21,0
2025-03-21 21:51:45.725220,DEV-2,Pump,50.26,239.62,ON,0,21,0
2025-03-21 21:51:45.725220,DEV-3,Lighting,58.02,226.78,ON,0,21,0
2025-03-21 21:51:45.725220,DEV-4,Compressor,66.76,233.73,ON,0,21,0
2025-03-21 21:51:45.725220,DEV-5,Server Rack,20.58,222.38,ON,0,21,0
2025-03-21 22:51:45.725220,DEV-1,HVAC,21.22,233.56,ON,0,22,0
2025-03-21 22:51:45.725220,DEV-2,Pump,38.54,233.97,ON,0,22,0
2025-03-21 22:51:45.725220,DEV-3,Lighting,51.69,224.81,ON,0,22,0
2025-03-21 22:51:45.725220,DEV-4,Compressor,58.26,236.41,ON,0,22,0
2025-03-21 22:51:45.725220,DEV-5,Server Rack,49.09,226.83,ON,0,22,0
2025-03-21 23:51:45.725220,DEV-1,HVAC,87.56,238.32,ON,0,23,0
2025-03-21 23:51:45.725220,DEV-2,Pump,72.01,235.26,ON,0,23,0
2025-03-21 23:51:45.725220,DEV-3,Lighting,74.46,238.47,ON,0,23,0
2025-03-21 23:51:45.725220,DEV-4,Compressor,67.66,234.09,ON,0,23,0
2025-03-21 23:51:45.725220,DEV-5,Server Rack,35.91,233.56,ON,0,23,0
2025-03-22 00:51:45.725220,DEV-1,HVAC,32.34,233.67,ON,0,0,0
2025-03-22 00:51:45.725220,DEV-2,Pump,83.06,223.23,ON,0,0,0
2025-03-22 00:51:45.725220,DEV-3,Lighting,93.08,224.7,ON,0,0,0
2025-03-22 00:51:45.725220,DEV-4,Compressor,90.45,220.1,ON,0,0,1
2025-03-22 00:51:45.725220,DEV-5,Server Rack,31.03,233.64,ON,0,0,0
2025-03-22 01:51:45.725220,DEV-1,HVAC,44.04,228.53,ON,0,1,0
2025-03-22 01:51:45.725220,DEV-2,Pump,10.91,236.15,ON,0,1,0
2025-03-22 01:51:45.725220,DEV-3,Lighting,9.75,220.55,ON,0,1,1
2025-03-22 01:51:45.725220,DEV-4,Compressor,40.32,221.85,ON,0,1,0
2025-03-22 01:51:45.725220,DEV-5,Server Rack,31.39,221.31,ON,0,1,0
2025-03-22 02:51:45.725220,DEV-1,HVAC,12.26,227.63,ON,0,2,0
2025-03-22 02:51:45.725220,DEV-2,Pump,54.8,222.14,ON,0,2,0
2025-03-22 02:51:45.725220,DEV-3,Lighting,83.74,238.6,ON,0,2,0
2025-03-22 02:51:45.725220,DEV-4,Compressor,77.11,234.23,ON,0,2,0
2025-03-22 02:51:45.725220,DEV-5,Server Rack,77.31,237.29,ON,0,2,0
2025-03-22 03:51:45.725220,DEV-1,HVAC,11.98,237.9,ON,0,3,0
2025-03-22 03:51:45.725220,DEV-2,Pump,46.76,227.53,ON,0,3,0
2025-03-22 03:51:45.725220,DEV-3,Lighting,42.49,226.56,ON,0,3,0
2025-03-22 03:51:45.725220,DEV-4,Compressor,71.41,234.86,ON,0,3,0
2025-03-22 03:51:45.725220,DEV-5,Server Rack,56.48,230.45,ON,0,3,0
2025-03-22 04:51:45.725220,DEV-1,HVAC,93.11,225.7,ON,0,4,0
2025-03-22 04:51:45.725220,DEV-2,Pump,97.7,235.88,ON,0,4,0
2025-03-22 04:51:45.725220,DEV-3,Lighting,6.39,238.17,ON,0,4,1
2025-03-22 04:51:45.725220,DEV-4,Compressor,28.81,233.25,ON,0,4,0
2025-03-22 04:51:45.725220,DEV-5,Server Rack,16.64,229.64,ON,0,4,0
2025-03-22 05:51:45.725220,DEV-1,HVAC,98.04,234.75,ON,0,5,0
2025-03-22 05:51:45.725220,DEV-2,Pump,54.9,227.14,ON,0,5,0
2025-03-22 05:51:45.725220,DEV-3,Lighting,58.85,226.31,ON,0,5,0
2025-03-22 05:51:45.725220,DEV-4,Compressor,77.67,233.71,ON,0,5,0
2025-03-22 05:51:45.725220,DEV-5,Server Rack,37.61,227.28,ON,0,5,0
2025-03-22 06:51:45.725220,DEV-1,HVAC,61.52,226.31,ON,0,6,0
2025-03-22 06:51:45.725220,DEV-2,Pump,59.51,227.22,ON,0,6,0
2025-03-22 06:51:45.725220,DEV-3,Lighting,55.12,229.69,ON,0,6,0
2025-03-22 06:51:45.725220,DEV-4,Compressor,11.16,232.71,ON,0,6,0
2025-03-22 06:51:45.725220,DEV-5,Server Rack,21.28,220.08,ON,0,6,0
2025-03-22 07:51:45.725220,DEV-1,HVAC,21.95,235.0,OFF,0,7,0
2025-03-22 07:51:45.725220,DEV-2,Pump,46.56,229.32,ON,0,7,0
2025-03-22 07:51:45.725220,DEV-3,Lighting,44.45,237.25,ON,0,7,0
2025-03-22 07:51:45.725220,DEV-4,Compressor,51.84,232.5,ON,0,7,0
2025-03-22 07:51:45.725220,DEV-5,Server Rack,74.41,224.28,ON,0,7,0
2025-03-22 08:51:45.725220,DEV-1,HVAC,56.26,226.06,OFF,0,8,0
2025-03-22 08:51:45.725220,DEV-2,Pump,81.81,233.03,ON,0,8,0
2025-03-22 08:51:45.725220,DEV-3,Lighting,80.47,235.6,ON,0,8,0
2025-03-22 08:51:45.725220,DEV-4,Compressor,42.32,239.08,ON,0,8,0
2025-03-22 08:51:45.725220,DEV-5,Server Rack,38.6,229.14,ON,0,8,0
2025-03-22 09:51:45.725220,DEV-1,HVAC,48.64,224.18,ON,0,9,0
2025-03-22 09:51:45.725220,DEV-2,Pump,26.97,234.86,ON,0,9,0
2025-03-22 09:51:45.725220,DEV-3,Lighting,55.25,230.36,ON,0,9,0
2025-03-22 09:51:45.725220,DEV-4,Compressor,95.89,225.26,ON,0,9,0
2025-03-22 09:51:45.725220,DEV-5,Server Rack,38.73,224.27,ON,0,9,0
2025-03-22 10:51:45.725220,DEV-1,HVAC,83.25,226.51,ON,0,10,0
2025-03-22 10:51:45.725220,DEV-2,Pump,64.24,220.46,ON,0,10,0
2025-03-22 10:51:45.725220,DEV-3,Lighting,40.86,238.14,ON,0,10,0
2025-03-22 10:51:45.725220,DEV-4,Compressor,62.96,220.53,ON,0,10,0
2025-03-22 10:51:45.725220,DEV-5,Server Rack,94.36,225.45,ON,0,10,0
2025-03-22 11:51:45.725220,DEV-1,HVAC,85.91,231.41,ON,0,11,0
2025-03-22 11:51:45.725220,DEV-2,Pump,56.68,237.76,ON,0,11,0
2025-03-22 11:51:45.725220,DEV-3,Lighting,15.94,233.94,ON,0,11,0
2025-03-22 11:51:45.725220,DEV-4,Compressor,10.86,221.84,ON,0,11,0
2025-03-22 11:51:45.725220,DEV-5,Server Rack,47.06,237.91,ON,0,11,0
2025-03-22 12:51:45.725220,DEV-1,HVAC,85.6,226.97,ON,0,12,0
2025-03-22 12:51:45.725220,DEV-2,Pump,22.36,231.51,ON,0,12,0
2025-03-22 12:51:45.725220,DEV-3,Lighting,6.09,225.0,ON,0,12,0
2025-03-22 12:51:45.725220,DEV-4,Compressor,14.91,227.07,ON,0,12,0
2025-03-22 12:51:45.725220,DEV-5,Server Rack,76.62,233.45,ON,0,12,0
2025-03-22 13:51:45.725220,DEV-1,HVAC,80.54,223.29,ON,0,13,0
2025-03-22 13:51:45.725220,DEV-2,Pump,47.53,237.42,ON,0,13,0
2025-03-22 13:51:45.725220,DEV-3,Lighting,9.42,235.2,ON,0,13,0
2025-03-22 13:51:45.725220,DEV-4,Compressor,49.19,222.02,ON,0,13,0
2025-03-22 13:51:45.725220,DEV-5,Server Rack,7.47,239.0,ON,0,13,0
2025-03-22 14:51:45.725220,DEV-1,HVAC,40.83,230.27,ON,0,14,0
2025-03-22 14:51:45.725220,DEV-2,Pump,45.07,238.29,ON,0,14,0
2025-03-22 14:51:45.725220,DEV-3,Lighting,54.89,224.52,ON,0,14,0
2025-03-22 14:51:45.725220,DEV-4,Compressor,77.86,226.2,ON,0,14,0
2025-03-22 14:51:45.725220,DEV-5,Server Rack,6.4,220.0,ON,0,14,1
2025-03-22 15:51:45.725220,DEV-1,HVAC,21.0,225.11,ON,0,15,0
2025-03-22 15:51:45.725220,DEV-2,Pump,30.69,230.0,ON,0,15,0
2025-03-22 15:51:45.725220,DEV-3,Lighting,68.9,234.96,ON,0,15,0
2025-03-22 15:51:45.725220,DEV-4,Compressor,43.67,229.89,ON,0,15,0
2025-03-22 15:51:45.725220,DEV-5,Server Rack,37.92,224.62,ON,0,15,0
2025-03-22 16:51:45.725220,DEV-1,HVAC,66.78,237.91,ON,0,16,0
2025-03-22 16:51:45.725220,DEV-2,Pump,58.38,233.51,OFF,0,16,0
2025-03-22 16:51:45.725220,DEV-3,Lighting,94.79,223.46,OFF,1,16,0
2025-03-22 16:51:45.725220,DEV-4,Compressor,73.14,228.74,ON,0,16,0
2025-03-22 16:51:45.725220,DEV-5,Server Rack,92.93,225.5,ON,0,16,0
2025-03-22 17:51:45.725220,DEV-1,HVAC,24.8,234.23,ON,0,17,0
2025-03-22 17:51:45.725220,DEV-2,Pump,8.73,236.27,ON,0,17,0
2025-03-22 17:51:45.725220,DEV-3,Lighting,30.18,235.87,ON,0,17,0
2025-03-22 17:51:45.725220,DEV-4,Compressor,91.06,239.0,ON,0,17,0
2025-03-22 17:51:45.725220,DEV-5,Server Rack,40.42,224.71,ON,0,17,0
2025-03-22 18:51:45.725220,DEV-1,HVAC,8.15,230.24,OFF,0,18,0
2025-03-22 18:51:45.725220,DEV-2,Pump,59.75,231.48,ON,0,18,0
2025-03-22 18:51:45.725220,DEV-3,Lighting,27.9,224.97,ON,0,18,0
2025-03-22 18:51:45.725220,DEV-4,Compressor,91.61,220.98,ON,0,18,0
2025-03-22 18:51:45.725220,DEV-5,Server Rack,83.62,223.2,ON,0,18,0
2025-03-22 19:51:45.725220,DEV-1,HVAC,32.12,221.44,ON,0,19,0
2025-03-22 19:51:45.725220,DEV-2,Pump,69.31,223.77,ON,0,19,0
2025-03-22 19:51:45.725220,DEV-3,Lighting,90.02,220.4,ON,0,19,0
2025-03-22 19:51:45.725220,DEV-4,Compressor,57.28,233.58,ON,0,19,0
2025-03-22 19:51:45.725220,DEV-5,Server Rack,32.07,231.27,ON,0,19,0
2025-03-22 20:51:45.725220,DEV-1,HVAC,41.47,224.29,ON,0,20,0
2025-03-22 20:51:45.725220,DEV-2,Pump,61.27,233.41,ON,0,20,0
2025-03-22 20:51:45.725220,DEV-3,Lighting,27.76,239.08,ON,0,20,0
2025-03-22 20:51:45.725220,DEV-4,Compressor,19.14,220.77,ON,0,20,0
2025-03-22 20:51:45.725220,DEV-5,Server Rack,81.5,230.74,ON,0,20,0
2025-03-22 21:51:45.725220,DEV-1,HVAC,63.43,229.67,ON,0,21,0
2025-03-22 21:51:45.725220,DEV-2,Pump,98.2,220.7,ON,0,21,1
2025-03-22 21:51:45.725220,DEV-3,Lighting,24.18,235.64,ON,0,21,0
2025-03-22 21:51:45.725220,DEV-4,Compressor,41.17,227.31,ON,0,21,0
2025-03-22 21:51:45.725220,DEV-5,Server Rack,46.28,221.79,ON,0,21,0
2025-03-22 22:51:45.725220,DEV-1,HVAC,71.28,238.17,ON,0,22,0
2025-03-22 22:51:45.725220,DEV-2,Pump,56.05,222.1,ON,0,22,0
2025-03-22 22:51:45.725220,DEV-3,Lighting,29.53,229.79,ON,0,22,0
2025-03-22 22:51:45.725220,DEV-4,Compressor,80.85,220.91,ON,0,22,0
2025-03-22 22:51:45.725220,DEV-5,Server Rack,6.35,238.42,ON,0,22,1
2025-03-22 23:51:45.725220,DEV-1,HVAC,38.94,227.91,ON,0,23,0
2025-03-22 23:51:45.725220,DEV-2,Pump,88.74,237.84,ON,0,23,0
2025-03-22 23:51:45.725220,DEV-3,Lighting,23.09,228.32,ON,0,23,0
2025-03-22 23:51:45.725220,DEV-4,Compressor,61.6,232.44,ON,0,23,0
2025-03-22 23:51:45.725220,DEV-5,Server Rack,88.6,227.03,OFF,0,23,0
2025-03-23 00:51:45.725220,DEV-1,HVAC,83.44,220.55,OFF,0,0,1
2025-03-23 00:51:45.725220,DEV-2,Pump,53.24,224.02,ON,0,0,0
2025-03-23 00:51:45.725220,DEV-3,Lighting,7.59,233.81,ON,0,0,1
2025-03-23 00:51:45.725220,DEV-4,Compressor,57.64,229.67,ON,0,0,0
2025-03-23 00:51:45.725220,DEV-5,Server Rack,18.35,230.13,ON,0,0,0
2025-03-23 01:51:45.725220,DEV-1,HVAC,89.54,238.21,OFF,0,1,0
2025-03-23 01:51:45.725220,DEV-2,Pump,14.62,223.81,ON,0,1,0
2025-03-23 01:51:45.725220,DEV-3,Lighting,45.73,236.47,ON,0,1,0
2025-03-23 01:51:45.725220,DEV-4,Compressor,59.82,234.45,ON,0,1,0
2025-03-23 01:51:45.725220,DEV-5,Server Rack,16.12,222.7,ON,0,1,0
2025-03-23 02:51:45.725220,DEV-1,HVAC,53.56,225.2,ON,0,2,0
2025-03-23 02:51:45.725220,DEV-2,Pump,84.99,233.72,ON,0,2,0
2025-03-23 02:51:45.725220,DEV-3,Lighting,86.68,227.75,ON,0,2,0
2025-03-23 02:51:45.725220,DEV-4,Compressor,98.95,224.25,ON,0,2,1
2025-03-23 02:51:45.725220,DEV-5,Server Rack,24.64,232.89,ON,0,2,0
2025-03-23 03:51:45.725220,DEV-1,HVAC,73.87,224.45,ON,0,3,0
2025-03-23 03:51:45.725220,DEV-2,Pump,92.21,226.75,ON,0,3,0
2025-03-23 03:51:45.725220,DEV-3,Lighting,79.43,237.16,ON,0,3,0
2025-03-23 03:51:45.725220,DEV-4,Compressor,93.53,222.6,ON,0,3,0
2025-03-23 03:51:45.725220,DEV-5,Server Rack,42.93,223.82,ON,0,3,0
2025-03-23 04:51:45.725220,DEV-1,HVAC,74.8,236.18,ON,0,4,0
2025-03-23 04:51:45.725220,DEV-2,Pump,10.42,229.2,OFF,0,4,0
2025-03-23 04:51:45.725220,DEV-3,Lighting,41.64,237.78,ON,0,4,0
2025-03-23 04:51:45.725220,DEV-4,Compressor,58.67,225.14,ON,0,4,0
2025-03-23 04:51:45.725220,DEV-5,Server Rack,65.15,226.08,ON,0,4,0
2025-03-23 05:51:45.725220,DEV-1,HVAC,40.82,235.12,ON,0,5,0
2025-03-23 05:51:45.725220,DEV-2,Pump,72.71,224.55,ON,0,5,0
2025-03-23 05:51:45.725220,DEV-3,Lighting,92.4,220.31,ON,0,5,0
2025-03-23 05:51:45.725220,DEV-4,Compressor,16.74,237.63,ON,0,5,0
2025-03-23 05:51:45.725220,DEV-5,Server Rack,20.18,228.98,ON,0,5,0
2025-03-23 06:51:45.725220,DEV-1,HVAC,55.0,231.75,ON,0,6,0
2025-03-23 06:51:45.725220,DEV-2,Pump,92.53,238.25,ON,0,6,0
2025-03-23 06:51:45.725220,DEV-3,Lighting,80.98,232.59,ON,0,6,0
2025-03-23 06:51:45.725220,DEV-4,Compressor,85.58,234.04,ON,0,6,0
2025-03-23 06:51:45.725220,DEV-5,Server Rack,87.93,224.59,ON,0,6,0
2025-03-23 07:51:45.725220,DEV-1,HVAC,59.19,228.96,ON,0,7,0
2025-03-23 07:51:45.725220,DEV-2,Pump,85.94,237.31,ON,0,7,0
2025-03-23 07:51:45.725220,DEV-3,Lighting,65.25,222.7,ON,0,7,0
2025-03-23 07:51:45.725220,DEV-4,Compressor,92.81,221.48,ON,0,7,0
2025-03-23 07:51:45.725220,DEV-5,Server Rack,86.67,220.36,ON,0,7,0
2025-03-23 08:51:45.725220,DEV-1,HVAC,70.76,220.91,ON,0,8,0
2025-03-23 08:51:45.725220,DEV-2,Pump,75.45,222.91,ON,0,8,0
2025-03-23 08:51:45.725220,DEV-3,Lighting,59.96,236.14,ON,0,8,0
2025-03-23 08:51:45.725220,DEV-4,Compressor,82.9,233.52,ON,0,8,0
2025-03-23 08:51:45.725220,DEV-5,Server Rack,14.34,225.46,ON,0,8,0
2025-03-23 09:51:45.725220,DEV-1,HVAC,39.72,224.21,ON,0,9,0
2025-03-23 09:51:45.725220,DEV-2,Pump,70.24,227.11,ON,0,9,0
2025-03-23 09:51:45.725220,DEV-3,Lighting,27.95,237.28,ON,0,9,0
2025-03-23 09:51:45.725220,DEV-4,Compressor,96.44,227.38,ON,0,9,0
2025-03-23 09:51:45.725220,DEV-5,Server Rack,77.98,220.41,ON,0,9,0
2025-03-23 10:51:45.725220,DEV-1,HVAC,11.2,222.94,ON,0,10,0
2025-03-23 10:51:45.725220,DEV-2,Pump,31.67,232.72,ON,0,10,0
2025-03-23 10:51:45.725220,DEV-3,Lighting,75.38,225.54,OFF,0,10,0
2025-03-23 10:51:45.725220,DEV-4,Compressor,89.86,227.9,ON,0,10,0
2025-03-23 10:51:45.725220,DEV-5,Server Rack,91.18,225.07,ON,0,10,0
2025-03-23 11:51:45.725220,DEV-1,HVAC,87.29,232.17,ON,0,11,0
2025-03-23 11:51:45.725220,DEV-2,Pump,71.95,237.25,ON,0,11,0
2025-03-23 11:51:45.725220,DEV-3,Lighting,35.29,232.22,ON,0,11,0
2025-03-23 11:51:45.725220,DEV-4,Compressor,16.15,238.15,ON,0,11,0
2025-03-23 11:51:45.725220,DEV-5,Server Rack,38.69,221.15,ON,0,11,0
2025-03-23 12:51:45.725220,DEV-1,HVAC,66.28,222.51,ON,0,12,0
2025-03-23 12:51:45.725220,DEV-2,Pump,44.57,227.54,ON,0,12,0
2025-03-23 12:51:45.725220,DEV-3,Lighting,23.65,235.98,ON,0,12,0
2025-03-23 12:51:45.725220,DEV-4,Compressor,23.34,229.26,ON,0,12,0
2025-03-23 12:51:45.725220,DEV-5,Server Rack,87.11,221.58,OFF,0,12,0
2025-03-23 13:51:45.725220,DEV-1,HVAC,83.56,234.68,OFF,0,13,0
2025-03-23 13:51:45.725220,DEV-2,Pump,28.5,238.83,ON,0,13,0
2025-03-23 13:51:45.725220,DEV-3,Lighting,33.99,229.94,ON,0,13,0
2025-03-23 13:51:45.725220,DEV-4,Compressor,10.12,225.51,OFF,0,13,0
2025-03-23 13:51:45.725220,DEV-5,Server Rack,24.59,234.34,ON,0,13,0
2025-03-23 14:51:45.725220,DEV-1,HVAC,43.11,237.56,OFF,0,14,0
2025-03-23 14:51:45.725220,DEV-2,Pump,76.28,239.32,ON,0,14,0
2025-03-23 14:51:45.725220,DEV-3,Lighting,80.7,227.31,ON,0,14,0
2025-03-23 14:51:45.725220,DEV-4,Compressor,33.44,230.15,ON,0,14,0
2025-03-23 14:51:45.725220,DEV-5,Server Rack,56.09,235.78,ON,0,14,0
2025-03-23 15:51:45.725220,DEV-1,HVAC,28.02,239.77,ON,0,15,0
2025-03-23 15:51:45.725220,DEV-2,Pump,73.32,223.98,ON,0,15,0
2025-03-23 15:51:45.725220,DEV-3,Lighting,58.63,227.42,ON,0,15,0
2025-03-23 15:51:45.725220,DEV-4,Compressor,15.99,238.97,OFF,0,15,0
2025-03-23 15:51:45.725220,DEV-5,Server Rack,20.83,238.88,ON,0,15,0
2025-03-23 16:51:45.725220,DEV-1,HVAC,18.0,220.91,ON,0,16,0
2025-03-23 16:51:45.725220,DEV-2,Pump,41.2,236.44,OFF,0,16,0
2025-03-23 16:51:45.725220,DEV-3,Lighting,45.85,221.24,ON,0,16,0
2025-03-23 16:51:45.725220,DEV-4,Compressor,52.61,234.99,ON,0,16,0
2025-03-23 16:51:45.725220,DEV-5,Server Rack,13.42,221.28,ON,0,16,0
2025-03-23 17:51:45.725220,DEV-1,HVAC,47.35,239.62,ON,0,17,0
2025-03-23 17:51:45.725220,DEV-2,Pump,83.13,237.55,OFF,0,17,0
2025-03-23 17:51:45.725220,DEV-3,Lighting,54.54,233.44,ON,0,17,0
2025-03-23 17:51:45.725220,DEV-4,Compressor,96.15,223.13,ON,0,17,0
2025-03-23 17:51:45.725220,DEV-5,Server Rack,16.66,237.69,OFF,0,17,0
2025-03-23 18:51:45.725220,DEV-1,HVAC,70.65,223.83,ON,0,18,0
2025-03-23 18:51:45.725220,DEV-2,Pump,38.51,235.32,ON,0,18,0
2025-03-23 18:51:45.725220,DEV-3,Lighting,38.91,234.66,ON,0,18,0
2025-03-23 18:51:45.725220,DEV-4,Compressor,98.32,227.07,ON,0,18,0
2025-03-23 18:51:45.725220,DEV-5,Server Rack,34.49,228.58,ON,0,18,0
2025-03-23 19:51:45.725220,DEV-1,HVAC,80.5,237.18,OFF,0,19,0
2025-03-23 19:51:45.725220,DEV-2,Pump,87.59,233.82,ON,0,19,0
2025-03-23 19:51:45.725220,DEV-3,Lighting,10.31,225.77,ON,0,19,0
2025-03-23 19:51:45.725220,DEV-4,Compressor,67.25,235.59,ON,0,19,0
2025-03-23 19:51:45.725220,DEV-5,Server Rack,61.43,220.53,ON,0,19,0
2025-03-23 20:51:45.725220,DEV-1,HVAC,88.42,225.36,ON,0,20,0
2025-03-23 20:51:45.725220,DEV-2,Pump,10.9,228.76,ON,0,20,0
2025-03-23 20:51:45.725220,DEV-3,Lighting,81.05,226.38,ON,0,20,0
2025-03-23 20:51:45.725220,DEV-4,Compressor,91.2,229.66,ON,0,20,0
2025-03-23 20:51:45.725220,DEV-5,Server Rack,17.51,229.13,ON,0,20,0
2025-03-23 21:51:45.725220,DEV-1,HVAC,34.91,224.8,ON,0,21,0
2025-03-23 21:51:45.725220,DEV-2,Pump,90.33,234.38,ON,0,21,0
2025-03-23 21:51:45.725220,DEV-3,Lighting,89.15,228.09,ON,0,21,0
2025-03-23 21:51:45.725220,DEV-4,Compressor,47.39,227.2,ON,0,21,0
2025-03-23 21:51:45.725220,DEV-5,Server Rack,77.94,229.3,ON,0,21,0
2025-03-23 22:51:45.725220,DEV-1,HVAC,66.32,234.79,ON,0,22,0
2025-03-23 22:51:45.725220,DEV-2,Pump,69.58,236.25,ON,0,22,0
2025-03-23 22:51:45.725220,DEV-3,Lighting,27.53,226.25,OFF,0,22,0
2025-03-23 22:51:45.725220,DEV-4,Compressor,27.71,224.1,ON,0,22,0
2025-03-23 22:51:45.725220,DEV-5,Server Rack,82.91,230.75,ON,0,22,0
2025-03-23 23:51:45.725220,DEV-1,HVAC,62.31,227.98,ON,0,23,0
2025-03-23 23:51:45.725220,DEV-2,Pump,84.04,228.95,ON,0,23,0
2025-03-23 23:51:45.725220,DEV-3,Lighting,60.0,227.92,ON,0,23,0
2025-03-23 23:51:45.725220,DEV-4,Compressor,38.23,235.48,ON,0,23,0
2025-03-23 23:51:45.725220,DEV-5,Server Rack,46.38,239.91,ON,0,23,1
2025-03-24 00:51:45.725220,DEV-1,HVAC,50.01,233.97,ON,0,0,0
2025-03-24 00:51:45.725220,DEV-2,Pump,92.35,224.12,OFF,1,0,0
2025-03-24 00:51:45.725220,DEV-3,Lighting,28.03,227.46,ON,0,0,0
2025-03-24 00:51:45.725220,DEV-4,Compressor,41.42,226.94,ON,0,0,0
2025-03-24 00:51:45.725220,DEV-5,Server Rack,17.21,221.63,ON,0,0,0
2025-03-24 01:51:45.725220,DEV-1,HVAC,33.35,223.44,ON,0,1,0
2025-03-24 01:51:45.725220,DEV-2,Pump,61.03,234.75,ON,0,1,0
2025-03-24 01:51:45.725220,DEV-3,Lighting,51.13,238.23,ON,0,1,0
2025-03-24 01:51:45.725220,DEV-4,Compressor,89.22,232.6,ON,0,1,0
2025-03-24 01:51:45.725220,DEV-5,Server Rack,57.35,225.36,ON,0,1,0
2025-03-24 02:51:45.725220,DEV-1,HVAC,67.95,239.51,ON,0,2,0
2025-03-24 02:51:45.725220,DEV-2,Pump,57.2,226.34,ON,0,2,0
2025-03-24 02:51:45.725220,DEV-3,Lighting,6.35,229.74,ON,0,2,0
2025-03-24 02:51:45.725220,DEV-4,Compressor,51.89,221.89,ON,0,2,0
2025-03-24 02:51:45.725220,DEV-5,Server Rack,7.01,220.87,ON,0,2,1
2025-03-24 03:51:45.725220,DEV-1,HVAC,84.58,223.67,ON,0,3,0
2025-03-24 03:51:45.725220,DEV-2,Pump,79.22,234.73,ON,0,3,0
2025-03-24 03:51:45.725220,DEV-3,Lighting,53.35,220.87,ON,0,3,0
2025-03-24 03:51:45.725220,DEV-4,Compressor,29.93,227.53,ON,0,3,0
2025-03-24 03:51:45.725220,DEV-5,Server Rack,58.44,221.02,ON,0,3,0
2025-03-24 04:51:45.725220,DEV-1,HVAC,45.01,233.59,ON,0,4,0
2025-03-24 04:51:45.725220,DEV-2,Pump,12.93,233.43,ON,0,4,0
2025-03-24 04:51:45.725220,DEV-3,Lighting,75.54,234.41,ON,0,4,0
2025-03-24 04:51:45.725220,DEV-4,Compressor,94.67,228.02,OFF,1,4,0
2025-03-24 04:51:45.725220,DEV-5,Server Rack,63.89,221.31,ON,0,4,0
2025-03-24 05:51:45.725220,DEV-1,HVAC,26.27,224.42,ON,0,5,0
2025-03-24 05:51:45.725220,DEV-2,Pump,86.86,231.41,ON,0,5,0
2025-03-24 05:51:45.725220,DEV-3,Lighting,11.8,223.37,ON,0,5,0
2025-03-24 05:51:45.725220,DEV-4,Compressor,93.86,228.97,ON,0,5,0
2025-03-24 05:51:45.725220,DEV-5,Server Rack,85.04,231.39,ON,0,5,0
2025-03-24 06:51:45.725220,DEV-1,HVAC,82.4,234.33,OFF,0,6,0
2025-03-24 06:51:45.725220,DEV-2,Pump,38.96,222.2,OFF,0,6,0
2025-03-24 06:51:45.725220,DEV-3,Lighting,38.45,226.53,ON,0,6,0
2025-03-24 06:51:45.725220,DEV-4,Compressor,40.27,231.41,ON,0,6,0
2025-03-24 06:51:45.725220,DEV-5,Server Rack,59.7,225.51,ON,0,6,0
2025-03-24 07:51:45.725220,DEV-1,HVAC,53.61,234.28,ON,0,7,0
2025-03-24 07:51:45.725220,DEV-2,Pump,5.84,238.52,ON,0,7,1
2025-03-24 07:51:45.725220,DEV-3,Lighting,14.72,226.84,ON,0,7,0
2025-03-24 07:51:45.725220,DEV-4,Compressor,89.22,231.09,OFF,0,7,0
2025-03-24 07:51:45.725220,DEV-5,Server Rack,52.6,230.62,ON,0,7,0
2025-03-24 08:51:45.725220,DEV-1,HVAC,92.96,234.7,ON,0,8,0
2025-03-24 08:51:45.725220,DEV-2,Pump,97.05,233.97,ON,0,8,0
2025-03-24 08:51:45.725220,DEV-3,Lighting,47.0,232.41,ON,0,8,0
2025-03-24 08:51:45.725220,DEV-4,Compressor,75.61,227.02,ON,0,8,0
2025-03-24 08:51:45.725220,DEV-5,Server Rack,6.82,227.25,ON,0,8,0
2025-03-24 09:51:45.725220,DEV-1,HVAC,57.81,237.22,ON,0,9,0
2025-03-24 09:51:45.725220,DEV-2,Pump,5.71,222.83,ON,0,9,0
2025-03-24 09:51:45.725220,DEV-3,Lighting,89.2,224.17,ON,0,9,0
2025-03-24 09:51:45.725220,DEV-4,Compressor,23.71,232.82,ON,0,9,0
2025-03-24 09:51:45.725220,DEV-5,Server Rack,82.1,227.52,ON,0,9,0
2025-03-24 10:51:45.725220,DEV-1,HVAC,86.78,226.72,ON,0,10,0
2025-03-24 10:51:45.725220,DEV-2,Pump,67.77,227.22,ON,0,10,0
2025-03-24 10:51:45.725220,DEV-3,Lighting,68.57,232.54,ON,0,10,0
2025-03-24 10:51:45.725220,DEV-4,Compressor,82.58,226.08,ON,0,10,0
2025-03-24 10:51:45.725220,DEV-5,Server Rack,14.31,231.19,ON,0,10,0
2025-03-24 11:51:45.725220,DEV-1,HVAC,12.0,221.17,ON,0,11,0
2025-03-24 11:51:45.725220,DEV-2,Pump,18.5,239.32,ON,0,11,0
2025-03-24 11:51:45.725220,DEV-3,Lighting,69.23,233.23,ON,0,11,0
2025-03-24 11:51:45.725220,DEV-4,Compressor,36.45,220.37,ON,0,11,0
2025-03-24 11:51:45.725220,DEV-5,Server Rack,44.55,224.66,ON,0,11,0
2025-03-24 12:51:45.725220,DEV-1,HVAC,94.03,223.11,ON,0,12,0
2025-03-24 12:51:45.725220,DEV-2,Pump,33.11,230.26,ON,0,12,0
2025-03-24 12:51:45.725220,DEV-3,Lighting,7.15,227.87,ON,0,12,0
2025-03-24 12:51:45.725220,DEV-4,Compressor,16.45,227.27,ON,0,12,0
2025-03-24 12:51:45.725220,DEV-5,Server Rack,53.94,228.37,ON,0,12,0
2025-03-24 13:51:45.725220,DEV-1,HVAC,93.88,234.05,ON,0,13,0
2025-03-24 13:51:45.725220,DEV-2,Pump,85.27,237.16,ON,0,13,0
2025-03-24 13:51:45.725220,DEV-3,Lighting,57.55,224.34,ON,0,13,0
2025-03-24 13:51:45.725220,DEV-4,Compressor,91.3,233.31,ON,0,13,0
2025-03-24 13:51:45.725220,DEV-5,Server Rack,61.03,226.68,ON,0,13,0
2025-03-24 14:51:45.725220,DEV-1,HVAC,54.34,226.82,ON,0,14,0
2025-03-24 14:51:45.725220,DEV-2,Pump,14.32,235.91,ON,0,14,0
2025-03-24 14:51:45.725220,DEV-3,Lighting,28.74,233.52,OFF,0,14,0
2025-03-24 14:51:45.725220,DEV-4,Compressor,78.06,225.83,ON,0,14,0
2025-03-24 14:51:45.725220,DEV-5,Server Rack,72.82,236.3,ON,0,14,0
2025-03-24 15:51:45.725220,DEV-1,HVAC,36.03,235.46,ON,0,15,0
2025-03-24 15:51:45.725220,DEV-2,Pump,73.03,227.59,ON,0,15,0
2025-03-24 15:51:45.725220,DEV-3,Lighting,93.84,239.15,ON,0,15,0
2025-03-24 15:51:45.725220,DEV-4,Compressor,78.26,225.78,ON,0,15,0
2025-03-24 15:51:45.725220,DEV-5,Server Rack,95.45,233.59,ON,0,15,0
2025-03-24 16:51:45.725220,DEV-1,HVAC,21.91,220.6,ON,0,16,0
2025-03-24 16:51:45.725220,DEV-2,Pump,10.33,235.34,ON,0,16,0
2025-03-24 16:51:45.725220,DEV-3,Lighting,15.99,226.18,ON,0,16,0
2025-03-24 16:51:45.725220,DEV-4,Compressor,85.16,233.48,ON,0,16,0
2025-03-24 16:51:45.725220,DEV-5,Server Rack,79.99,234.0,ON,0,16,0
2025-03-24 17:51:45.725220,DEV-1,HVAC,92.22,239.03,OFF,1,17,0
2025-03-24 17:51:45.725220,DEV-2,Pump,41.7,229.32,ON,0,17,0
2025-03-24 17:51:45.725220,DEV-3,Lighting,72.35,237.18,ON,0,17,0
2025-03-24 17:51:45.725220,DEV-4,Compressor,74.55,222.33,ON,0,17,0
2025-03-24 17:51:45.725220,DEV-5,Server Rack,24.28,227.98,ON,0,17,0
2025-03-24 18:51:45.725220,DEV-1,HVAC,94.76,238.61,ON,0,18,0
2025-03-24 18:51:45.725220,DEV-2,Pump,77.97,237.79,ON,0,18,0
2025-03-24 18:51:45.725220,DEV-3,Lighting,23.4,233.92,ON,0,18,0
2025-03-24 18:51:45.725220,DEV-4,Compressor,29.76,221.9,ON,0,18,0
2025-03-24 18:51:45.725220,DEV-5,Server Rack,41.7,234.37,ON,0,18,0
2025-03-24 19:51:45.725220,DEV-1,HVAC,85.48,222.21,ON,0,19,0
2025-03-24 19:51:45.725220,DEV-2,Pump,73.61,230.52,ON,0,19,0
2025-03-24 19:51:45.725220,DEV-3,Lighting,33.29,225.66,ON,0,19,0
2025-03-24 19:51:45.725220,DEV-4,Compressor,53.02,222.24,ON,0,19,0
2025-03-24 19:51:45.725220,DEV-5,Server Rack,84.52,234.44,ON,0,19,0
2025-03-24 20:51:45.725220,DEV-1,HVAC,41.52,238.78,OFF,0,20,0
2025-03-24 20:51:45.725220,DEV-2,Pump,32.41,236.12,ON,0,20,0
2025-03-24 20:51:45.725220,DEV-3,Lighting,8.93,239.29,ON,0,20,1
2025-03-24 20:51:45.725220,DEV-4,Compressor,85.26,239.2,ON,0,20,0
2025-03-24 20:51:45.725220,DEV-5,Server Rack,10.71,228.2,ON,0,20,0
2025-03-24 21:51:45.725220,DEV-1,HVAC,59.67,225.56,ON,0,21,0
2025-03-24 21:51:45.725220,DEV-2,Pump,24.2,222.21,ON,0,21,0
2025-03-24 21:51:45.725220,DEV-3,Lighting,53.88,224.18,ON,0,21,0
2025-03-24 21:51:45.725220,DEV-4,Compressor,37.47,238.92,ON,0,21,0
2025-03-24 21:51:45.725220,DEV-5,Server Rack,33.45,228.34,ON,0,21,0
2025-03-24 22:51:45.725220,DEV-1,HVAC,94.81,239.45,ON,0,22,1
2025-03-24 22:51:45.725220,DEV-2,Pump,63.83,237.72,ON,0,22,0
2025-03-24 22:51:45.725220,DEV-3,Lighting,23.38,234.38,ON,0,22,0
2025-03-24 22:51:45.725220,DEV-4,Compressor,29.27,236.62,ON,0,22,0
2025-03-24 22:51:45.725220,DEV-5,Server Rack,93.82,231.1,ON,0,22,0
2025-03-24 23:51:45.725220,DEV-1,HVAC,79.39,239.82,ON,0,23,1
2025-03-24 23:51:45.725220,DEV-2,Pump,60.97,232.19,ON,0,23,0
2025-03-24 23:51:45.725220,DEV-3,Lighting,89.64,229.47,ON,0,23,0
2025-03-24 23:51:45.725220,DEV-4,Compressor,49.46,236.0,ON,0,23,0
2025-03-24 23:51:45.725220,DEV-5,Server Rack,29.11,227.25,ON,0,23,0
2025-03-25 00:51:45.725220,DEV-1,HVAC,37.67,227.46,ON,0,0,0
2025-03-25 00:51:45.725220,DEV-2,Pump,83.66,229.84,ON,0,0,0
2025-03-25 00:51:45.725220,DEV-3,Lighting,25.01,225.49,OFF,0,0,0
2025-03-25 00:51:45.725220,DEV-4,Compressor,17.91,238.11,OFF,0,0,0
2025-03-25 00:51:45.725220,DEV-5,Server Rack,9.12,225.54,ON,0,0,0
2025-03-25 01:51:45.725220,DEV-1,HVAC,19.84,230.77,ON,0,1,0
2025-03-25 01:51:45.725220,DEV-2,Pump,11.11,235.12,ON,0,1,0
2025-03-25 01:51:45.725220,DEV-3,Lighting,61.25,238.47,ON,0,1,0
2025-03-25 01:51:45.725220,DEV-4,Compressor,53.24,223.15,ON,0,1,0
2025-03-25 01:51:45.725220,DEV-5,Server Rack,88.95,236.21,ON,0,1,0
2025-03-25 02:51:45.725220,DEV-1,HVAC,85.56,235.58,ON,0,2,0
2025-03-25 02:51:45.725220,DEV-2,Pump,10.77,229.0,ON,0,2,0
2025-03-25 02:51:45.725220,DEV-3,Lighting,32.01,225.31,ON,0,2,0
2025-03-25 02:51:45.725220,DEV-4,Compressor,54.33,233.51,ON,0,2,0
2025-03-25 02:51:45.725220,DEV-5,Server Rack,35.6,232.4,OFF,0,2,0
2025-03-25 03:51:45.725220,DEV-1,HVAC,32.39,225.23,ON,0,3,0
2025-03-25 03:51:45.725220,DEV-2,Pump,86.46,234.32,ON,0,3,0
2025-03-25 03:51:45.725220,DEV-3,Lighting,92.21,235.58,ON,0,3,0
2025-03-25 03:51:45.725220,DEV-4,Compressor,59.85,238.98,ON,0,3,0
2025-03-25 03:51:45.725220,DEV-5,Server Rack,97.3,234.47,ON,0,3,0
2025-03-25 04:51:45.725220,DEV-1,HVAC,90.3,239.14,OFF,1,4,0
2025-03-25 04:51:45.725220,DEV-2,Pump,10.3,223.13,ON,0,4,0
2025-03-25 04:51:45.725220,DEV-3,Lighting,62.83,228.39,ON,0,4,0
2025-03-25 04:51:45.725220,DEV-4,Compressor,6.93,238.0,ON,0,4,0
2025-03-25 04:51:45.725220,DEV-5,Server Rack,18.02,230.52,ON,0,4,0
2025-03-25 05:51:45.725220,DEV-1,HVAC,65.83,233.72,ON,0,5,0
2025-03-25 05:51:45.725220,DEV-2,Pump,15.32,231.94,ON,0,5,0
2025-03-25 05:51:45.725220,DEV-3,Lighting,67.15,233.81,ON,0,5,0
2025-03-25 05:51:45.725220,DEV-4,Compressor,51.78,225.92,ON,0,5,0
2025-03-25 05:51:45.725220,DEV-5,Server Rack,74.78,225.19,ON,0,5,0
2025-03-25 06:51:45.725220,DEV-1,HVAC,31.58,237.13,ON,0,6,0
2025-03-25 06:51:45.725220,DEV-2,Pump,27.93,230.66,ON,0,6,0
2025-03-25 06:51:45.725220,DEV-3,Lighting,79.0,236.24,ON,0,6,0
2025-03-25 06:51:45.725220,DEV-4,Compressor,32.61,239.31,ON,0,6,0
2025-03-25 06:51:45.725220,DEV-5,Server Rack,77.04,224.18,OFF,0,6,0
2025-03-25 07:51:45.725220,DEV-1,HVAC,19.84,227.35,ON,0,7,0
2025-03-25 07:51:45.725220,DEV-2,Pump,27.38,229.52,ON,0,7,0
2025-03-25 07:51:45.725220,DEV-3,Lighting,64.19,230.59,ON,0,7,0
2025-03-25 07:51:45.725220,DEV-4,Compressor,16.85,220.16,ON,0,7,0
2025-03-25 07:51:45.725220,DEV-5,Server Rack,76.34,228.63,ON,0,7,0
2025-03-25 08:51:45.725220,DEV-1,HVAC,36.97,222.64,ON,0,8,0
2025-03-25 08:51:45.725220,DEV-2,Pump,61.45,226.87,ON,0,8,0
2025-03-25 08:51:45.725220,DEV-3,Lighting,89.48,229.01,ON,0,8,0
2025-03-25 08:51:45.725220,DEV-4,Compressor,59.69,228.55,ON,0,8,0
2025-03-25 08:51:45.725220,DEV-5,Server Rack,28.77,221.89,ON,0,8,0
2025-03-25 09:51:45.725220,DEV-1,HVAC,91.39,238.79,ON,0,9,0
2025-03-25 09:51:45.725220,DEV-2,Pump,45.81,233.65,ON,0,9,0
2025-03-25 09:51:45.725220,DEV-3,Lighting,97.4,233.35,ON,0,9,0
2025-03-25 09:51:45.725220,DEV-4,Compressor,96.79,226.77,ON,0,9,0
2025-03-25 09:51:45.725220,DEV-5,Server Rack,82.24,226.75,ON,0,9,0
2025-03-25 10:51:45.725220,DEV-1,HVAC,66.68,234.3,ON,0,10,0
2025-03-25 10:51:45.725220,DEV-2,Pump,7.67,235.32,ON,0,10,0
2025-03-25 10:51:45.725220,DEV-3,Lighting,23.63,236.96,OFF,0,10,0
2025-03-25 10:51:45.725220,DEV-4,Compressor,97.68,225.63,OFF,1,10,0
2025-03-25 10:51:45.725220,DEV-5,Server Rack,16.32,230.1,ON,0,10,0
2025-03-25 11:51:45.725220,DEV-1,HVAC,89.9,224.97,ON,0,11,0
2025-03-25 11:51:45.725220,DEV-2,Pump,7.87,226.89,ON,0,11,0
2025-03-25 11:51:45.725220,DEV-3,Lighting,99.37,221.75,ON,0,11,1
2025-03-25 11:51:45.725220,DEV-4,Compressor,97.49,233.48,ON,0,11,0
2025-03-25 11:51:45.725220,DEV-5,Server Rack,12.72,228.98,ON,0,11,0
2025-03-25 12:51:45.725220,DEV-1,HVAC,27.02,238.93,ON,0,12,0
2025-03-25 12:51:45.725220,DEV-2,Pump,52.83,224.38,ON,0,12,0
2025-03-25 12:51:45.725220,DEV-3,Lighting,14.56,237.94,OFF,0,12,0
2025-03-25 12:51:45.725220,DEV-4,Compressor,28.24,235.16,ON,0,12,0
2025-03-25 12:51:45.725220,DEV-5,Server Rack,40.33,225.77,ON,0,12,0
2025-03-25 13:51:45.725220,DEV-1,HVAC,62.82,237.5,ON,0,13,0
2025-03-25 13:51:45.725220,DEV-2,Pump,80.41,238.08,ON,0,13,0
2025-03-25 13:51:45.725220,DEV-3,Lighting,51.51,234.7,ON,0,13,0
2025-03-25 13:51:45.725220,DEV-4,Compressor,17.73,224.34,ON,0,13,0
2025-03-25 13:51:45.725220,DEV-5,Server Rack,31.6,235.64,ON,0,13,0
2025-03-25 14:51:45.725220,DEV-1,HVAC,40.93,221.04,ON,0,14,0
2025-03-25 14:51:45.725220,DEV-2,Pump,63.59,225.55,ON,0,14,0
2025-03-25 14:51:45.725220,DEV-3,Lighting,51.97,234.45,ON,0,14,0
2025-03-25 14:51:45.725220,DEV-4,Compressor,99.72,232.52,ON,0,14,0
2025-03-25 14:51:45.725220,DEV-5,Server Rack,75.68,238.89,ON,0,14,0
2025-03-25 15:51:45.725220,DEV-1,HVAC,74.1,234.18,ON,0,15,0
2025-03-25 15:51:45.725220,DEV-2,Pump,36.02,229.45,ON,0,15,0
2025-03-25 15:51:45.725220,DEV-3,Lighting,15.08,236.73,ON,0,15,0
2025-03-25 15:51:45.725220,DEV-4,Compressor,16.76,237.07,ON,0,15,0
2025-03-25 15:51:45.725220,DEV-5,Server Rack,97.86,237.08,ON,0,15,0
2025-03-25 16:51:45.725220,DEV-1,HVAC,94.81,220.79,ON,0,16,0
2025-03-25 16:51:45.725220,DEV-2,Pump,91.26,232.07,ON,0,16,0
2025-03-25 16:51:45.725220,DEV-3,Lighting,29.7,221.23,ON,0,16,0
2025-03-25 16:51:45.725220,DEV-4,Compressor,35.86,229.17,ON,0,16,0
2025-03-25 16:51:45.725220,DEV-5,Server Rack,26.26,237.26,ON,0,16,0
2025-03-25 17:51:45.725220,DEV-1,HVAC,67.66,224.88,ON,0,17,0
2025-03-25 17:51:45.725220,DEV-2,Pump,79.27,222.88,ON,0,17,0
2025-03-25 17:51:45.725220,DEV-3,Lighting,33.37,226.97,ON,0,17,0
2025-03-25 17:51:45.725220,DEV-4,Compressor,86.86,229.01,ON,0,17,0
2025-03-25 17:51:45.725220,DEV-5,Server Rack,14.24,234.37,ON,0,17,0
2025-03-25 18:51:45.725220,DEV-1,HVAC,34.03,223.34,ON,0,18,0
2025-03-25 18:51:45.725220,DEV-2,Pump,68.7,230.88,OFF,0,18,0
2025-03-25 18:51:45.725220,DEV-3,Lighting,20.85,231.16,ON,0,18,0
2025-03-25 18:51:45.725220,DEV-4,Compressor,26.51,229.13,ON,0,18,0
2025-03-25 18:51:45.725220,DEV-5,Server Rack,79.58,224.07,ON,0,18,0
2025-03-25 19:51:45.725220,DEV-1,HVAC,82.2,237.41,ON,0,19,0
2025-03-25 19:51:45.725220,DEV-2,Pump,7.37,236.82,ON,0,19,0
2025-03-25 19:51:45.725220,DEV-3,Lighting,11.87,227.59,ON,0,19,0
2025-03-25 19:51:45.725220,DEV-4,Compressor,18.47,233.27,ON,0,19,0
2025-03-25 19:51:45.725220,DEV-5,Server Rack,40.84,220.13,ON,0,19,0
2025-03-25 20:51:45.725220,DEV-1,HVAC,94.67,221.82,ON,0,20,0
2025-03-25 20:51:45.725220,DEV-2,Pump,39.96,225.26,ON,0,20,0
2025-03-25 20:51:45.725220,DEV-3,Lighting,44.39,234.14,ON,0,20,0
2025-03-25 20:51:45.725220,DEV-4,Compressor,22.58,227.21,ON,0,20,0
2025-03-25 20:51:45.725220,DEV-5,Server Rack,93.88,236.42,ON,0,20,0
2025-03-25 21:51:45.725220,DEV-1,HVAC,40.26,222.59,ON,0,21,0
2025-03-25 21:51:45.725220,DEV-2,Pump,44.91,228.65,ON,0,21,0
2025-03-25 21:51:45.725220,DEV-3,Lighting,89.72,238.35,ON,0,21,0
2025-03-25 21:51:45.725220,DEV-4,Compressor,26.36,224.8,OFF,0,21,0
2025-03-25 21:51:45.725220,DEV-5,Server Rack,5.17,230.46,ON,0,21,0
2025-03-25 22:51:45.725220,DEV-1,HVAC,7.41,224.12,ON,0,22,0
2025-03-25 22:51:45.725220,DEV-2,Pump,75.56,230.04,ON,0,22,0
2025-03-25 22:51:45.725220,DEV-3,Lighting,16.09,228.78,ON,0,22,0
2025-03-25 22:51:45.725220,DEV-4,Compressor,24.36,230.39,ON,0,22,0
2025-03-25 22:51:45.725220,DEV-5,Server Rack,69.91,230.95,ON,0,22,0
2025-03-25 23:51:45.725220,DEV-1,HVAC,29.23,222.24,ON,0,23,0
2025-03-25 23:51:45.725220,DEV-2,Pump,93.01,235.67,ON,0,23,0
2025-03-25 23:51:45.725220,DEV-3,Lighting,40.6,228.97,ON,0,23,0
2025-03-25 23:51:45.725220,DEV-4,Compressor,57.29,220.25,ON,0,23,1
2025-03-25 23:51:45.725220,DEV-5,Server Rack,86.01,226.3,ON,0,23,0
2025-03-26 00:51:45.725220,DEV-1,HVAC,33.55,234.01,OFF,0,0,0
2025-03-26 00:51:45.725220,DEV-2,Pump,31.43,228.94,ON,0,0,0
2025-03-26 00:51:45.725220,DEV-3,Lighting,14.3,223.29,ON,0,0,0
2025-03-26 00:51:45.725220,DEV-4,Compressor,14.59,235.36,ON,0,0,0
2025-03-26 00:51:45.725220,DEV-5,Server Rack,35.81,230.69,ON,0,0,0
2025-03-26 01:51:45.725220,DEV-1,HVAC,13.99,226.2,ON,0,1,0
2025-03-26 01:51:45.725220,DEV-2,Pump,56.24,234.67,ON,0,1,0
2025-03-26 01:51:45.725220,DEV-3,Lighting,38.8,235.45,ON,0,1,0
2025-03-26 01:51:45.725220,DEV-4,Compressor,14.93,223.69,ON,0,1,0
2025-03-26 01:51:45.725220,DEV-5,Server Rack,97.04,238.65,OFF,1,1,1
2025-03-26 02:51:45.725220,DEV-1,HVAC,36.94,236.35,ON,0,2,0
2025-03-26 02:51:45.725220,DEV-2,Pump,38.95,228.92,OFF,0,2,0
2025-03-26 02:51:45.725220,DEV-3,Lighting,88.77,235.21,ON,0,2,0
2025-03-26 02:51:45.725220,DEV-4,Compressor,65.95,223.66,ON,0,2,0
2025-03-26 02:51:45.725220,DEV-5,Server Rack,23.78,220.26,ON,0,2,0
2025-03-26 03:51:45.725220,DEV-1,HVAC,94.95,220.8,OFF,1,3,0
2025-03-26 03:51:45.725220,DEV-2,Pump,90.45,231.47,ON,0,3,0
2025-03-26 03:51:45.725220,DEV-3,Lighting,36.69,225.71,ON,0,3,0
2025-03-26 03:51:45.725220,DEV-4,Compressor,25.88,226.7,ON,0,3,0
2025-03-26 03:51:45.725220,DEV-5,Server Rack,54.14,225.52,ON,0,3,0
2025-03-26 04:51:45.725220,DEV-1,HVAC,57.81,223.42,OFF,0,4,0
2025-03-26 04:51:45.725220,DEV-2,Pump,98.45,226.64,ON,0,4,0
2025-03-26 04:51:45.725220,DEV-3,Lighting,79.86,225.32,ON,0,4,0
2025-03-26 04:51:45.725220,DEV-4,Compressor,69.6,238.45,ON,0,4,0
2025-03-26 04:51:45.725220,DEV-5,Server Rack,13.93,238.62,ON,0,4,0
2025-03-26 05:51:45.725220,DEV-1,HVAC,82.12,239.87,ON,0,5,0
2025-03-26 05:51:45.725220,DEV-2,Pump,35.17,237.35,ON,0,5,0
2025-03-26 05:51:45.725220,DEV-3,Lighting,45.01,233.22,ON,0,5,0
2025-03-26 05:51:45.725220,DEV-4,Compressor,80.22,226.99,ON,0,5,0
2025-03-26 05:51:45.725220,DEV-5,Server Rack,47.01,233.15,ON,0,5,0
2025-03-26 06:51:45.725220,DEV-1,HVAC,11.12,238.3,ON,0,6,0
2025-03-26 06:51:45.725220,DEV-2,Pump,61.96,238.84,ON,0,6,0
2025-03-26 06:51:45.725220,DEV-3,Lighting,96.16,232.98,ON,0,6,0
2025-03-26 06:51:45.725220,DEV-4,Compressor,52.03,220.7,ON,0,6,0
2025-03-26 06:51:45.725220,DEV-5,Server Rack,27.66,227.91,ON,0,6,0
2025-03-26 07:51:45.725220,DEV-1,HVAC,73.56,234.26,ON,0,7,0
2025-03-26 07:51:45.725220,DEV-2,Pump,72.68,228.26,ON,0,7,0
2025-03-26 07:51:45.725220,DEV-3,Lighting,66.05,225.52,ON,0,7,0
2025-03-26 07:51:45.725220,DEV-4,Compressor,7.66,221.26,ON,0,7,0
2025-03-26 07:51:45.725220,DEV-5,Server Rack,51.81,227.31,ON,0,7,0
2025-03-26 08:51:45.725220,DEV-1,HVAC,35.06,225.47,ON,0,8,0
2025-03-26 08:51:45.725220,DEV-2,Pump,22.29,234.52,ON,0,8,0
2025-03-26 08:51:45.725220,DEV-3,Lighting,75.08,239.65,ON,0,8,0
2025-03-26 08:51:45.725220,DEV-4,Compressor,92.89,232.2,ON,0,8,0
2025-03-26 08:51:45.725220,DEV-5,Server Rack,59.98,222.35,ON,0,8,0
2025-03-26 09:51:45.725220,DEV-1,HVAC,36.89,235.55,ON,0,9,0
2025-03-26 09:51:45.725220,DEV-2,Pump,56.6,235.3,ON,0,9,0
2025-03-26 09:51:45.725220,DEV-3,Lighting,37.18,224.56,ON,0,9,0
2025-03-26 09:51:45.725220,DEV-4,Compressor,17.45,239.01,ON,0,9,0
2025-03-26 09:51:45.725220,DEV-5,Server Rack,20.11,230.6,ON,0,9,0
2025-03-26 10:51:45.725220,DEV-1,HVAC,6.34,225.06,ON,0,10,0
2025-03-26 10:51:45.725220,DEV-2,Pump,49.02,229.56,ON,0,10,0
2025-03-26 10:51:45.725220,DEV-3,Lighting,41.72,229.75,OFF,0,10,0
2025-03-26 10:51:45.725220,DEV-4,Compressor,14.37,223.45,OFF,0,10,0
2025-03-26 10:51:45.725220,DEV-5,Server Rack,57.09,220.44,ON,0,10,0
2025-03-26 11:51:45.725220,DEV-1,HVAC,66.84,222.82,ON,0,11,0
2025-03-26 11:51:45.725220,DEV-2,Pump,89.62,223.43,ON,0,11,0
2025-03-26 11:51:45.725220,DEV-3,Lighting,30.96,235.82,ON,0,11,0
2025-03-26 11:51:45.725220,DEV-4,Compressor,24.89,224.68,ON,0,11,0
2025-03-26 11:51:45.725220,DEV-5,Server Rack,11.96,228.35,ON,0,11,0
2025-03-26 12:51:45.725220,DEV-1,HVAC,13.83,226.38,ON,0,12,0
2025-03-26 12:51:45.725220,DEV-2,Pump,59.17,228.34,ON,0,12,0
2025-03-26 12:51:45.725220,DEV-3,Lighting,10.08,220.13,ON,0,12,1
2025-03-26 12:51:45.725220,DEV-4,Compressor,58.7,225.65,ON,0,12,0
2025-03-26 12:51:45.725220,DEV-5,Server Rack,82.44,223.5,ON,0,12,0
2025-03-26 13:51:45.725220,DEV-1,HVAC,18.42,236.8,ON,0,13,0
2025-03-26 13:51:45.725220,DEV-2,Pump,16.36,228.34,ON,0,13,0
2025-03-26 13:51:45.725220,DEV-3,Lighting,61.26,228.37,ON,0,13,0
2025-03-26 13:51:45.725220,DEV-4,Compressor,63.0,234.4,ON,0,13,0
2025-03-26 13:51:45.725220,DEV-5,Server Rack,63.26,229.48,ON,0,13,0
2025-03-26 14:51:45.725220,DEV-1,HVAC,19.37,237.43,ON,0,14,0
2025-03-26 14:51:45.725220,DEV-2,Pump,90.24,228.43,ON,0,14,0
2025-03-26 14:51:45.725220,DEV-3,Lighting,26.56,226.62,ON,0,14,0
2025-03-26 14:51:45.725220,DEV-4,Compressor,33.77,230.74,ON,0,14,0
2025-03-26 14:51:45.725220,DEV-5,Server Rack,23.79,226.56,ON,0,14,0
2025-03-26 15:51:45.725220,DEV-1,HVAC,43.66,224.77,ON,0,15,0
2025-03-26 15:51:45.725220,DEV-2,Pump,70.82,231.22,OFF,0,15,0
2025-03-26 15:51:45.725220,DEV-3,Lighting,41.97,227.51,ON,0,15,0
2025-03-26 15:51:45.725220,DEV-4,Compressor,63.61,223.23,ON,0,15,0
2025-03-26 15:51:45.725220,DEV-5,Server Rack,41.07,226.49,ON,0,15,0
2025-03-26 16:51:45.725220,DEV-1,HVAC,65.2,233.12,ON,0,16,0
2025-03-26 16:51:45.725220,DEV-2,Pump,24.77,221.65,ON,0,16,0
2025-03-26 16:51:45.725220,DEV-3,Lighting,51.34,226.58,ON,0,16,0
2025-03-26 16:51:45.725220,DEV-4,Compressor,81.32,234.37,ON,0,16,0
2025-03-26 16:51:45.725220,DEV-5,Server Rack,58.21,228.57,ON,0,16,0
2025-03-26 17:51:45.725220,DEV-1,HVAC,43.48,235.84,ON,0,17,0
2025-03-26 17:51:45.725220,DEV-2,Pump,16.31,226.18,ON,0,17,0
2025-03-26 17:51:45.725220,DEV-3,Lighting,90.21,220.07,ON,0,17,0
2025-03-26 17:51:45.725220,DEV-4,Compressor,84.51,238.66,ON,0,17,0
2025-03-26 17:51:45.725220,DEV-5,Server Rack,33.58,238.71,ON,0,17,0
2025-03-26 18:51:45.725220,DEV-1,HVAC,21.55,220.76,ON,0,18,0
2025-03-26 18:51:45.725220,DEV-2,Pump,60.85,222.76,ON,0,18,0
2025-03-26 18:51:45.725220,DEV-3,Lighting,77.01,220.9,ON,0,18,0
2025-03-26 18:51:45.725220,DEV-4,Compressor,40.58,233.2,OFF,0,18,0
2025-03-26 18:51:45.725220,DEV-5,Server Rack,51.61,228.81,ON,0,18,0
2025-03-26 19:51:45.725220,DEV-1,HVAC,50.99,233.39,ON,0,19,0
2025-03-26 19:51:45.725220,DEV-2,Pump,71.38,229.78,ON,0,19,0
2025-03-26 19:51:45.725220,DEV-3,Lighting,81.35,224.92,ON,0,19,0
2025-03-26 19:51:45.725220,DEV-4,Compressor,25.25,236.31,ON,0,19,0
2025-03-26 19:51:45.725220,DEV-5,Server Rack,50.0,222.0,ON,0,19,0
2025-03-26 20:51:45.725220,DEV-1,HVAC,26.25,228.43,ON,0,20,0
2025-03-26 20:51:45.725220,DEV-2,Pump,44.05,235.77,ON,0,20,0
2025-03-26 20:51:45.725220,DEV-3,Lighting,90.86,221.69,ON,0,20,0
2025-03-26 20:51:45.725220,DEV-4,Compressor,71.17,230.79,ON,0,20,0
2025-03-26 20:51:45.725220,DEV-5,Server Rack,38.75,230.32,ON,0,20,0
2025-03-26 21:51:45.725220,DEV-1,HVAC,23.28,237.65,ON,0,21,0
2025-03-26 21:51:45.725220,DEV-2,Pump,58.53,225.55,ON,0,21,0
2025-03-26 21:51:45.725220,DEV-3,Lighting,67.73,238.78,ON,0,21,0
2025-03-26 21:51:45.725220,DEV-4,Compressor,90.99,237.05,OFF,1,21,0
2025-03-26 21:51:45.725220,DEV-5,Server Rack,15.65,221.77,ON,0,21,0
2025-03-26 22:51:45.725220,DEV-1,HVAC,69.54,223.58,ON,0,22,0
2025-03-26 22:51:45.725220,DEV-2,Pump,92.65,238.32,ON,0,22,0
2025-03-26 22:51:45.725220,DEV-3,Lighting,63.29,223.07,ON,0,22,0
2025-03-26 22:51:45.725220,DEV-4,Compressor,60.32,220.63,ON,0,22,0
2025-03-26 22:51:45.725220,DEV-5,Server Rack,67.37,229.66,ON,0,22,0
2025-03-26 23:51:45.725220,DEV-1,HVAC,17.23,222.14,ON,0,23,1
2025-03-26 23:51:45.725220,DEV-2,Pump,6.25,220.98,ON,0,23,1
2025-03-26 23:51:45.725220,DEV-3,Lighting,28.2,228.06,ON,0,23,0
2025-03-26 23:51:45.725220,DEV-4,Compressor,72.78,232.89,ON,0,23,0
2025-03-26 23:51:45.725220,DEV-5,Server Rack,24.58,238.07,ON,0,23,0
2025-03-27 00:51:45.725220,DEV-1,HVAC,62.81,233.17,ON,0,0,0
2025-03-27 00:51:45.725220,DEV-2,Pump,49.67,236.32,ON,0,0,0
2025-03-27 00:51:45.725220,DEV-3,Lighting,11.67,235.69,ON,0,0,0
2025-03-27 00:51:45.725220,DEV-4,Compressor,35.14,225.99,ON,0,0,0
2025-03-27 00:51:45.725220,DEV-5,Server Rack,79.09,239.15,ON,0,0,1
2025-03-27 01:51:45.725220,DEV-1,HVAC,51.42,222.98,ON,0,1,0
2025-03-27 01:51:45.725220,DEV-2,Pump,48.93,227.61,ON,0,1,0
2025-03-27 01:51:45.725220,DEV-3,Lighting,85.48,220.91,ON,0,1,0
2025-03-27 01:51:45.725220,DEV-4,Compressor,59.96,228.94,ON,0,1,0
2025-03-27 01:51:45.725220,DEV-5,Server Rack,27.87,226.09,ON,0,1,0
2025-03-27 02:51:45.725220,DEV-1,HVAC,18.06,223.3,ON,0,2,0
2025-03-27 02:51:45.725220,DEV-2,Pump,38.69,234.42,ON,0,2,0
2025-03-27 02:51:45.725220,DEV-3,Lighting,10.09,231.47,ON,0,2,0
2025-03-27 02:51:45.725220,DEV-4,Compressor,35.42,236.77,ON,0,2,0
2025-03-27 02:51:45.725220,DEV-5,Server Rack,54.74,239.0,ON,0,2,0
2025-03-27 03:51:45.725220,DEV-1,HVAC,28.79,239.57,ON,0,3,0
2025-03-27 03:51:45.725220,DEV-2,Pump,58.09,225.43,ON,0,3,0
2025-03-27 03:51:45.725220,DEV-3,Lighting,57.74,223.46,ON,0,3,0
2025-03-27 03:51:45.725220,DEV-4,Compressor,88.93,238.3,ON,0,3,0
2025-03-27 03:51:45.725220,DEV-5,Server Rack,57.01,220.53,ON,0,3,0
2025-03-27 04:51:45.725220,DEV-1,HVAC,13.02,230.37,ON,0,4,0
2025-03-27 04:51:45.725220,DEV-2,Pump,76.41,226.64,ON,0,4,0
2025-03-27 04:51:45.725220,DEV-3,Lighting,59.71,238.9,ON,0,4,0
2025-03-27 04:51:45.725220,DEV-4,Compressor,93.65,232.84,ON,0,4,0
2025-03-27 04:51:45.725220,DEV-5,Server Rack,22.98,228.45,ON,0,4,0
2025-03-27 05:51:45.725220,DEV-1,HVAC,85.55,229.24,ON,0,5,0
2025-03-27 05:51:45.725220,DEV-2,Pump,10.84,234.4,ON,0,5,0
2025-03-27 05:51:45.725220,DEV-3,Lighting,76.1,225.15,ON,0,5,0
2025-03-27 05:51:45.725220,DEV-4,Compressor,69.53,233.78,ON,0,5,0
2025-03-27 05:51:45.725220,DEV-5,Server Rack,37.97,239.65,ON,0,5,0
2025-03-27 06:51:45.725220,DEV-1,HVAC,16.35,237.92,ON,0,6,0
2025-03-27 06:51:45.725220,DEV-2,Pump,79.97,236.01,ON,0,6,0
2025-03-27 06:51:45.725220,DEV-3,Lighting,77.36,237.43,ON,0,6,0
2025-03-27 06:51:45.725220,DEV-4,Compressor,98.07,234.03,ON,0,6,0
2025-03-27 06:51:45.725220,DEV-5,Server Rack,56.6,238.61,ON,0,6,0
2025-03-27 07:51:45.725220,DEV-1,HVAC,37.69,223.81,ON,0,7,0
2025-03-27 07:51:45.725220,DEV-2,Pump,85.29,227.15,ON,0,7,0
2025-03-27 07:51:45.725220,DEV-3,Lighting,65.29,227.85,OFF,0,7,0
2025-03-27 07:51:45.725220,DEV-4,Compressor,42.47,227.82,ON,0,7,0
2025-03-27 07:51:45.725220,DEV-5,Server Rack,28.96,239.6,ON,0,7,0
